<?xml version="1.0" encoding="UTF-8"?>
<project-private xmlns="http://www.netbeans.org/ns/project-private/1">
    <editor-bookmarks xmlns="http://www.netbeans.org/ns/editor-bookmarks/2" lastBookmarkId="1"/>
    <open-files xmlns="http://www.netbeans.org/ns/projectui-open-files/2">
        <group>
            <file>file:/C:/Users/casper/OneDrive/Masaüstü/BilgiYakalayici0.1/src/bilgiyakalayici0/pkg1/BilgiYakalayici01.java</file>
            <file>file:/C:/Users/casper/OneDrive/Masaüstü/BilgiYakalayici0.1/src/bilgiyakalayici0/pkg1/IconAnimator.java</file>
            <file>file:/C:/Users/casper/OneDrive/Masaüstü/BilgiYakalayici0.1/src/bilgiyakalayici0/pkg1/JFrame.java</file>
            <file>file:/C:/Users/casper/OneDrive/Masaüstü/BilgiYakalayici0.1/src/bilgiyakalayici0/pkg1/DataB.java</file>
        </group>
    </open-files>
</project-private>
